[{"confirmed":555,"deaths":17,"recovered":28,"date":"2020-01-22"},{"confirmed":653,"deaths":18,"recovered":30,"date":"2020-01-23"},{"confirmed":941,"deaths":26,"recovered":36,"date":"2020-01-24"},{"confirmed":1438,"deaths":42,"recovered":39,"date":"2020-01-25"},{"confirmed":2118,"deaths":56,"recovered":52,"date":"2020-01-26"},{"confirmed":2927,"deaths":82,"recovered":61,"date":"2020-01-27"},{"confirmed":5578,"deaths":131,"recovered":107,"date":"2020-01-28"},{"confirmed":6165,"deaths":133,"recovered":126,"date":"2020-01-29"},{"confirmed":8235,"deaths":171,"recovered":143,"date":"2020-01-30"},{"confirmed":9925,"deaths":213,"recovered":222,"date":"2020-01-31"},{"confirmed":12038,"deaths":259,"recovered":284,"date":"2020-02-01"},{"confirmed":16787,"deaths":362,"recovered":472,"date":"2020-02-02"},{"confirmed":19881,"deaths":426,"recovered":623,"date":"2020-02-03"},{"confirmed":23892,"deaths":492,"recovered":852,"date":"2020-02-04"},{"confirmed":27636,"deaths":564,"recovered":1124,"date":"2020-02-05"},{"confirmed":30818,"deaths":634,"recovered":1487,"date":"2020-02-06"},{"confirmed":34392,"deaths":719,"recovered":2011,"date":"2020-02-07"},{"confirmed":37121,"deaths":806,"recovered":2616,"date":"2020-02-08"},{"confirmed":40151,"deaths":906,"recovered":3244,"date":"2020-02-09"},{"confirmed":42763,"deaths":1013,"recovered":3946,"date":"2020-02-10"},{"confirmed":44803,"deaths":1113,"recovered":4683,"date":"2020-02-11"},{"confirmed":45222,"deaths":1118,"recovered":5150,"date":"2020-02-12"},{"confirmed":60370,"deaths":1371,"recovered":6295,"date":"2020-02-13"},{"confirmed":66887,"deaths":1523,"recovered":8058,"date":"2020-02-14"},{"confirmed":69032,"deaths":1666,"recovered":9395,"date":"2020-02-15"},{"confirmed":71226,"deaths":1770,"recovered":10865,"date":"2020-02-16"},{"confirmed":73260,"deaths":1868,"recovered":12583,"date":"2020-02-17"},{"confirmed":75138,"deaths":2007,"recovered":14352,"date":"2020-02-18"},{"confirmed":75641,"deaths":2122,"recovered":16121,"date":"2020-02-19"},{"confirmed":76199,"deaths":2247,"recovered":18177,"date":"2020-02-20"},{"confirmed":76843,"deaths":2251,"recovered":18890,"date":"2020-02-21"},{"confirmed":78599,"deaths":2458,"recovered":22886,"date":"2020-02-22"},{"confirmed":78985,"deaths":2469,"recovered":23394,"date":"2020-02-23"},{"confirmed":79570,"deaths":2629,"recovered":25227,"date":"2020-02-24"},{"confirmed":80415,"deaths":2708,"recovered":27905,"date":"2020-02-25"},{"confirmed":81397,"deaths":2770,"recovered":30384,"date":"2020-02-26"},{"confirmed":82756,"deaths":2814,"recovered":33277,"date":"2020-02-27"},{"confirmed":84124,"deaths":2872,"recovered":36711,"date":"2020-02-28"},{"confirmed":86013,"deaths":2941,"recovered":39782,"date":"2020-02-29"},{"confirmed":88371,"deaths":2996,"recovered":42716,"date":"2020-03-01"},{"confirmed":90309,"deaths":3085,"recovered":45602,"date":"2020-03-02"},{"confirmed":92844,"deaths":3160,"recovered":48229,"date":"2020-03-03"},{"confirmed":95124,"deaths":3254,"recovered":51171,"date":"2020-03-04"},{"confirmed":97886,"deaths":3348,"recovered":53797,"date":"2020-03-05"},{"confirmed":101800,"deaths":3460,"recovered":55866,"date":"2020-03-06"},{"confirmed":105836,"deaths":3558,"recovered":58359,"date":"2020-03-07"},{"confirmed":109835,"deaths":3803,"recovered":60695,"date":"2020-03-08"},{"confirmed":113582,"deaths":3996,"recovered":62512,"date":"2020-03-09"},{"confirmed":118582,"deaths":4262,"recovered":64404,"date":"2020-03-10"},{"confirmed":125865,"deaths":4615,"recovered":67003,"date":"2020-03-11"},{"confirmed":128343,"deaths":4720,"recovered":68324,"date":"2020-03-12"},{"confirmed":145193,"deaths":5404,"recovered":70251,"date":"2020-03-13"},{"confirmed":156099,"deaths":5819,"recovered":72624,"date":"2020-03-14"},{"confirmed":167447,"deaths":6440,"recovered":76034,"date":"2020-03-15"},{"confirmed":181546,"deaths":7126,"recovered":78088,"date":"2020-03-16"},{"confirmed":197168,"deaths":7905,"recovered":80840,"date":"2020-03-17"},{"confirmed":214915,"deaths":8733,"recovered":83313,"date":"2020-03-18"},{"confirmed":242713,"deaths":9867,"recovered":84962,"date":"2020-03-19"},{"confirmed":272167,"deaths":11299,"recovered":87403,"date":"2020-03-20"},{"confirmed":304528,"deaths":12973,"recovered":91676,"date":"2020-03-21"},{"confirmed":337020,"deaths":14623,"recovered":97243,"date":"2020-03-22"},{"confirmed":378287,"deaths":16497,"recovered":100958,"date":"2020-03-23"},{"confirmed":417966,"deaths":18615,"recovered":107705,"date":"2020-03-24"},{"confirmed":467594,"deaths":21181,"recovered":113770,"date":"2020-03-25"},{"confirmed":529591,"deaths":23970,"recovered":122150,"date":"2020-03-26"},{"confirmed":566269,"deaths":25423,"recovered":127768,"date":"2020-03-27"}]