[{"confirmed":186,"deaths":8,"recovered":31,"id":"AL"},{"confirmed":409,"deaths":26,"recovered":29,"id":"DZ"},{"confirmed":0,"deaths":0,"recovered":0,"id":"AS"},{"confirmed":267,"deaths":3,"recovered":1,"id":"AD"},{"confirmed":4,"deaths":0,"recovered":0,"id":"AO"},{"confirmed":0,"deaths":0,"recovered":0,"id":"AI"},{"confirmed":7,"deaths":0,"recovered":0,"id":"AG"},{"confirmed":589,"deaths":13,"recovered":72,"id":"AR"},{"confirmed":329,"deaths":1,"recovered":28,"id":"AM"},{"confirmed":0,"deaths":0,"recovered":0,"id":"AW"},{"confirmed":3143,"deaths":13,"recovered":194,"id":"AU"},{"confirmed":7557,"deaths":58,"recovered":225,"id":"AT"},{"confirmed":165,"deaths":3,"recovered":15,"id":"AZ"},{"confirmed":466,"deaths":4,"recovered":227,"id":"BH"},{"confirmed":48,"deaths":5,"recovered":11,"id":"BD"},{"confirmed":24,"deaths":0,"recovered":0,"id":"BB"},{"confirmed":94,"deaths":0,"recovered":32,"id":"BY"},{"confirmed":7284,"deaths":289,"recovered":858,"id":"BE"},{"confirmed":2,"deaths":0,"recovered":0,"id":"BZ"},{"confirmed":6,"deaths":0,"recovered":0,"id":"BJ"},{"confirmed":0,"deaths":0,"recovered":0,"id":"BM"},{"confirmed":3,"deaths":0,"recovered":0,"id":"BT"},{"confirmed":61,"deaths":0,"recovered":0,"id":"BO"},{"confirmed":0,"deaths":0,"recovered":0,"id":"BQ"},{"confirmed":231,"deaths":4,"recovered":5,"id":"BA"},{"confirmed":0,"deaths":0,"recovered":0,"id":"BW"},{"confirmed":3027,"deaths":77,"recovered":6,"id":"BR"},{"confirmed":0,"deaths":0,"recovered":0,"id":"IO"},{"confirmed":115,"deaths":0,"recovered":11,"id":"BN"},{"confirmed":293,"deaths":3,"recovered":9,"id":"BG"},{"confirmed":180,"deaths":9,"recovered":12,"id":"BF"},{"confirmed":0,"deaths":0,"recovered":0,"id":"BI"},{"confirmed":9,"deaths":0,"recovered":1,"id":"BS"},{"confirmed":99,"deaths":0,"recovered":11,"id":"KH"},{"confirmed":88,"deaths":2,"recovered":2,"id":"CM"},{"confirmed":4181,"deaths":43,"recovered":228,"id":"CA"},{"confirmed":0,"deaths":0,"recovered":0,"id":"KY"},{"confirmed":5,"deaths":1,"recovered":0,"id":"CV"},{"confirmed":3,"deaths":0,"recovered":0,"id":"CF"},{"confirmed":3,"deaths":0,"recovered":0,"id":"TD"},{"confirmed":0,"deaths":0,"recovered":0,"id":"GB-CHA"},{"confirmed":1610,"deaths":5,"recovered":43,"id":"CL"},{"confirmed":81897,"deaths":3296,"recovered":74720,"id":"CN"},{"confirmed":0,"deaths":0,"recovered":0,"id":"CC"},{"confirmed":491,"deaths":6,"recovered":8,"id":"CO"},{"confirmed":0,"deaths":0,"recovered":0,"id":"KM"},{"confirmed":51,"deaths":3,"recovered":2,"id":"CD"},{"confirmed":4,"deaths":0,"recovered":0,"id":"CG"},{"confirmed":231,"deaths":2,"recovered":2,"id":"CR"},{"confirmed":586,"deaths":3,"recovered":37,"id":"HR"},{"confirmed":0,"deaths":0,"recovered":0,"id":"CW"},{"confirmed":146,"deaths":3,"recovered":4,"id":"CY"},{"confirmed":2062,"deaths":9,"recovered":11,"id":"CZ"},{"confirmed":2164,"deaths":52,"recovered":57,"id":"DK"},{"confirmed":12,"deaths":0,"recovered":0,"id":"DJ"},{"confirmed":11,"deaths":0,"recovered":0,"id":"DM"},{"confirmed":581,"deaths":20,"recovered":3,"id":"DO"},{"confirmed":1595,"deaths":36,"recovered":3,"id":"EC"},{"confirmed":495,"deaths":24,"recovered":102,"id":"EG"},{"confirmed":13,"deaths":0,"recovered":0,"id":"SV"},{"confirmed":12,"deaths":0,"recovered":0,"id":"GQ"},{"confirmed":6,"deaths":0,"recovered":0,"id":"ER"},{"confirmed":575,"deaths":1,"recovered":11,"id":"EE"},{"confirmed":6,"deaths":0,"recovered":0,"id":"SZ"},{"confirmed":16,"deaths":0,"recovered":0,"id":"ET"},{"confirmed":0,"deaths":0,"recovered":0,"id":"FO"},{"confirmed":5,"deaths":0,"recovered":0,"id":"FJ"},{"confirmed":1041,"deaths":7,"recovered":10,"id":"FI"},{"confirmed":29591,"deaths":1698,"recovered":4955,"id":"FR"},{"confirmed":0,"deaths":0,"recovered":0,"id":"GF"},{"confirmed":7,"deaths":1,"recovered":0,"id":"GA"},{"confirmed":81,"deaths":0,"recovered":13,"id":"GE"},{"confirmed":49344,"deaths":304,"recovered":5673,"id":"DE"},{"confirmed":966,"deaths":28,"recovered":52,"id":"GR"},{"confirmed":0,"deaths":0,"recovered":0,"id":"GL"},{"confirmed":3,"deaths":1,"recovered":0,"id":"GM"},{"confirmed":136,"deaths":4,"recovered":1,"id":"GH"},{"confirmed":8,"deaths":0,"recovered":0,"id":"GN"},{"confirmed":2,"deaths":0,"recovered":0,"id":"GW"},{"confirmed":5,"deaths":1,"recovered":0,"id":"GY"},{"confirmed":68,"deaths":1,"recovered":0,"id":"HN"},{"confirmed":0,"deaths":0,"recovered":0,"id":"HK"},{"confirmed":300,"deaths":10,"recovered":34,"id":"HU"},{"confirmed":890,"deaths":2,"recovered":97,"id":"IS"},{"confirmed":877,"deaths":20,"recovered":73,"id":"IN"},{"confirmed":1046,"deaths":87,"recovered":46,"id":"ID"},{"confirmed":1819,"deaths":19,"recovered":5,"id":"IE"},{"confirmed":3035,"deaths":12,"recovered":79,"id":"IL"},{"confirmed":80589,"deaths":8215,"recovered":10361,"id":"IT"},{"confirmed":1387,"deaths":47,"recovered":359,"id":"JP"},{"confirmed":137,"deaths":1,"recovered":3,"id":"KZ"},{"confirmed":31,"deaths":1,"recovered":1,"id":"KE"},{"confirmed":86,"deaths":1,"recovered":1,"id":"XK"},{"confirmed":225,"deaths":0,"recovered":57,"id":"KW"},{"confirmed":58,"deaths":0,"recovered":0,"id":"KG"},{"confirmed":6,"deaths":0,"recovered":0,"id":"LA"},{"confirmed":280,"deaths":0,"recovered":1,"id":"LV"},{"confirmed":56,"deaths":0,"recovered":0,"id":"LI"},{"confirmed":345,"deaths":5,"recovered":1,"id":"LT"},{"confirmed":1605,"deaths":15,"recovered":40,"id":"LU"},{"confirmed":1,"deaths":0,"recovered":0,"id":"LY"},{"confirmed":24,"deaths":0,"recovered":0,"id":"MG"},{"confirmed":2161,"deaths":26,"recovered":259,"id":"MY"},{"confirmed":3,"deaths":0,"recovered":0,"id":"MR"},{"confirmed":14,"deaths":0,"recovered":9,"id":"MV"},{"confirmed":0,"deaths":0,"recovered":0,"id":"MW"},{"confirmed":11,"deaths":0,"recovered":0,"id":"ML"},{"confirmed":139,"deaths":0,"recovered":2,"id":"MT"},{"confirmed":585,"deaths":8,"recovered":4,"id":"MX"},{"confirmed":199,"deaths":2,"recovered":2,"id":"MD"},{"confirmed":11,"deaths":0,"recovered":0,"id":"MN"},{"confirmed":275,"deaths":11,"recovered":8,"id":"MA"},{"confirmed":7,"deaths":0,"recovered":0,"id":"MZ"},{"confirmed":219,"deaths":3,"recovered":3,"id":"MK"},{"confirmed":5,"deaths":0,"recovered":0,"id":"MM"},{"confirmed":8,"deaths":0,"recovered":2,"id":"NA"},{"confirmed":4,"deaths":0,"recovered":1,"id":"NP"},{"confirmed":8641,"deaths":547,"recovered":6,"id":"NL"},{"confirmed":368,"deaths":0,"recovered":37,"id":"NZ"},{"confirmed":2,"deaths":1,"recovered":0,"id":"NI"},{"confirmed":10,"deaths":1,"recovered":0,"id":"NE"},{"confirmed":65,"deaths":1,"recovered":3,"id":"NG"},{"confirmed":0,"deaths":0,"recovered":0,"id":"KP"},{"confirmed":3696,"deaths":19,"recovered":6,"id":"NO"},{"confirmed":131,"deaths":0,"recovered":23,"id":"OM"},{"confirmed":1296,"deaths":9,"recovered":23,"id":"PK"},{"confirmed":91,"deaths":1,"recovered":17,"id":"PS"},{"confirmed":674,"deaths":9,"recovered":2,"id":"PA"},{"confirmed":580,"deaths":9,"recovered":14,"id":"PE"},{"confirmed":803,"deaths":54,"recovered":31,"id":"PH"},{"confirmed":1289,"deaths":16,"recovered":7,"id":"PL"},{"confirmed":4268,"deaths":76,"recovered":43,"id":"PT"},{"confirmed":0,"deaths":0,"recovered":0,"id":"PR"},{"confirmed":562,"deaths":0,"recovered":43,"id":"QA"},{"confirmed":1292,"deaths":24,"recovered":115,"id":"RO"},{"confirmed":1036,"deaths":3,"recovered":45,"id":"RU"},{"confirmed":50,"deaths":0,"recovered":0,"id":"RW"},{"confirmed":0,"deaths":0,"recovered":0,"id":"SH"},{"confirmed":3,"deaths":0,"recovered":1,"id":"LC"},{"confirmed":1,"deaths":0,"recovered":0,"id":"VC"},{"confirmed":0,"deaths":0,"recovered":0,"id":"WS"},{"confirmed":223,"deaths":21,"recovered":4,"id":"SM"},{"confirmed":0,"deaths":0,"recovered":0,"id":"ST"},{"confirmed":1104,"deaths":3,"recovered":35,"id":"SA"},{"confirmed":119,"deaths":0,"recovered":11,"id":"SN"},{"confirmed":457,"deaths":1,"recovered":0,"id":"RS"},{"confirmed":7,"deaths":0,"recovered":0,"id":"SC"},{"confirmed":0,"deaths":0,"recovered":0,"id":"SL"},{"confirmed":732,"deaths":2,"recovered":183,"id":"SG"},{"confirmed":269,"deaths":0,"recovered":2,"id":"SK"},{"confirmed":632,"deaths":9,"recovered":10,"id":"SI"},{"confirmed":0,"deaths":0,"recovered":0,"id":"SB"},{"confirmed":3,"deaths":0,"recovered":0,"id":"SO"},{"confirmed":927,"deaths":2,"recovered":12,"id":"ZA"},{"confirmed":9332,"deaths":139,"recovered":4528,"id":"KR"},{"confirmed":64059,"deaths":4934,"recovered":9357,"id":"ES"},{"confirmed":106,"deaths":0,"recovered":7,"id":"LK"},{"confirmed":2,"deaths":0,"recovered":0,"id":"KT"},{"confirmed":0,"deaths":0,"recovered":0,"id":"PM"},{"confirmed":3,"deaths":1,"recovered":0,"id":"SD"},{"confirmed":8,"deaths":0,"recovered":0,"id":"SR"},{"confirmed":0,"deaths":0,"recovered":0,"id":"SJ"},{"confirmed":3046,"deaths":92,"recovered":16,"id":"SE"},{"confirmed":12311,"deaths":207,"recovered":897,"id":"CH"},{"confirmed":5,"deaths":0,"recovered":0,"id":"SY"},{"confirmed":0,"deaths":0,"recovered":0,"id":"TJ"},{"confirmed":13,"deaths":0,"recovered":1,"id":"TZ"},{"confirmed":1136,"deaths":5,"recovered":97,"id":"TH"},{"confirmed":25,"deaths":0,"recovered":1,"id":"TG"},{"confirmed":227,"deaths":6,"recovered":2,"id":"TN"},{"confirmed":3629,"deaths":75,"recovered":26,"id":"TR"},{"confirmed":0,"deaths":0,"recovered":0,"id":"TM"},{"confirmed":333,"deaths":2,"recovered":52,"id":"AE"},{"confirmed":14735,"deaths":761,"recovered":151,"id":"GB"},{"confirmed":226,"deaths":5,"recovered":5,"id":"UA"},{"confirmed":92932,"deaths":1380,"recovered":812,"id":"US"},{"confirmed":88,"deaths":1,"recovered":5,"id":"UZ"},{"confirmed":4,"deaths":0,"recovered":0,"id":"VA"},{"confirmed":107,"deaths":1,"recovered":31,"id":"VE"},{"confirmed":163,"deaths":0,"recovered":20,"id":"VN"},{"confirmed":0,"deaths":0,"recovered":0,"id":"YE"},{"confirmed":22,"deaths":0,"recovered":0,"id":"ZM"},{"confirmed":5,"deaths":1,"recovered":0,"id":"ZW"},{"confirmed":32332,"deaths":2378,"recovered":11133,"id":"IR"},{"confirmed":712,"deaths":10,"recovered":597,"id":"XX"},{"confirmed":94,"deaths":4,"recovered":2,"id":"AF"},{"confirmed":96,"deaths":0,"recovered":3,"id":"CI"},{"confirmed":80,"deaths":2,"recovered":4,"id":"CU"},{"confirmed":7,"deaths":0,"recovered":0,"id":"GD"},{"confirmed":25,"deaths":1,"recovered":4,"id":"GT"},{"confirmed":8,"deaths":0,"recovered":0,"id":"HT"},{"confirmed":458,"deaths":40,"recovered":122,"id":"IQ"},{"confirmed":26,"deaths":1,"recovered":2,"id":"JM"},{"confirmed":212,"deaths":0,"recovered":2,"id":"JO"},{"confirmed":391,"deaths":7,"recovered":23,"id":"LB"},{"confirmed":3,"deaths":0,"recovered":0,"id":"LR"},{"confirmed":94,"deaths":2,"recovered":0,"id":"MU"},{"confirmed":33,"deaths":0,"recovered":1,"id":"MC"},{"confirmed":70,"deaths":1,"recovered":0,"id":"ME"},{"confirmed":1,"deaths":0,"recovered":0,"id":"PG"},{"confirmed":52,"deaths":3,"recovered":1,"id":"PY"},{"confirmed":267,"deaths":2,"recovered":29,"id":"TW"},{"confirmed":1,"deaths":0,"recovered":0,"id":"TL"},{"confirmed":66,"deaths":2,"recovered":1,"id":"TT"},{"confirmed":18,"deaths":0,"recovered":0,"id":"UG"},{"confirmed":238,"deaths":0,"recovered":0,"id":"UY"}]